{
  "pitch_histogram_similarity": 0.03576481816750629,
  "rhythm_diversity_real": 2.4598551637279596e-06,
  "rhythm_diversity_gen": 0.0375,
  "repetition_ratio_real": 0.9515334439038909,
  "repetition_ratio_gen": 0.416403785488959
}