{
  "pitch_histogram_similarity": 0.11402399506717047,
  "rhythm_diversity_real": 2.4598551637279596e-06,
  "rhythm_diversity_gen": 0.001875,
  "repetition_ratio_real": 0.9515334439038909,
  "repetition_ratio_gen": 0.0
}