{
  "pitch_histogram_similarity": 0.017015638119227537,
  "rhythm_diversity_real": 2.4598551637279596e-06,
  "rhythm_diversity_gen": 0.0234375,
  "repetition_ratio_real": 0.9515334439038909,
  "repetition_ratio_gen": 0.45579567779960706
}